Date,Row,Section,Number,Weight,Probes,Damage,Color,Treatment,Location
7/15/2020,T4,1,1,94,522,VSD,R,T,Inner
7/15/2020,T4,1,2,74.1,652,VSD,R,T,Inner
7/15/2020,T4,1,3,74.7,365,VSD,R,T,Inner
7/15/2020,T4,1,4,64.7,430,VSD,LR,T,Inner
7/15/2020,T4,1,5,96.6,573,VSD,LR,T,Inner
7/15/2020,T4,1,6,69.6,832,D,LR,T,Inner
7/15/2020,T4,1,7,75.3,637,VSD,R,T,Inner
7/15/2020,T4,1,8,87.9,305,VSD,R,T,Inner
7/15/2020,T4,1,9,57.1,357,U,R,T,Inner
7/15/2020,T4,1,10,93,824,D,R,T,Inner
7/15/2020,T4,2,1,72.5,348,U,LR,T,Inner
7/15/2020,T4,2,2,86.2,337,D,R,T,Inner
7/15/2020,T4,2,3,56.5,462,D,R,T,Inner
7/15/2020,T4,2,4,56.6,537,U,LR,T,Inner
7/15/2020,T4,2,5,79.4,403,VSD,LR,T,Inner
7/15/2020,T4,2,6,60.2,255,SD,R,T,Inner
7/15/2020,T4,2,7,113.3,486,D,LR,T,Inner
7/15/2020,T4,2,8,45.5,532,D,R,T,Inner
7/15/2020,T4,2,9,65.3,280,VSD,R,T,Inner
7/15/2020,T4,2,10,75.2,229,VSD,R,T,Inner
7/15/2020,T4,3,1,74.2,463,VSD,R,T,Inner
7/15/2020,T4,3,2,102,410,D,R,T,Inner
7/15/2020,T4,3,3,101.8,240,VSD,R,T,Inner
7/15/2020,T4,3,4,109.8,415,VSD,R,T,Inner
7/15/2020,T4,3,5,82.1,425,D,R,T,Inner
7/15/2020,T4,3,6,76.4,214,SD,R,T,Inner
7/15/2020,T4,3,7,99.5,374,D,R,T,Inner
7/15/2020,T4,3,8,87.4,329,VSD,R,T,Inner
7/15/2020,T4,3,9,105,252,D,R,T,Inner
7/15/2020,T4,3,10,96.3,270,VSD,R,T,Inner
7/15/2020,T4,4,1,73.1,448,VSD,R,T,Inner
7/15/2020,T4,4,2,71.2,336,U,R,T,Inner
7/15/2020,T4,4,3,92,280,SD,R,T,Inner
7/15/2020,T4,4,4,73.8,559,VSD,LR,T,Inner
7/15/2020,T4,4,5,104.5,220,U,R,T,Inner
7/15/2020,T4,4,6,63.6,206,SD,R,T,Inner
7/15/2020,T4,4,7,63.4,477,VSD,LR,T,Inner
7/15/2020,T4,4,8,77.7,317,U,LR,T,Inner
7/15/2020,T4,4,9,46.3,326,SD,R,T,Inner
7/15/2020,T4,4,10,68.9,323,U,R,T,Inner
7/15/2020,T4,5,1,75.6,229,SD,LR,T,Inner
7/15/2020,T4,5,2,65.4,233,VSD,R,T,Inner
7/15/2020,T4,5,3,87.5,262,VSD,LR,T,Inner
7/15/2020,T4,5,4,67,445,SD,R,T,Inner
7/15/2020,T4,5,5,105.6,274,U,R,T,Inner
7/15/2020,T4,5,6,58.8,333,SD,R,T,Inner
7/15/2020,T4,5,7,122.5,252,SD,R,T,Inner
7/15/2020,T4,5,8,102.2,122,U,R,T,Inner
7/15/2020,T4,5,9,95.8,430,U,R,T,Inner
7/15/2020,T4,5,10,57.5,202,D,R,T,Inner
7/15/2020,T4C,1,1,71.2,479,U,R,C,Inner
7/15/2020,T4C,1,2,78.1,434,D,R,C,Inner
7/15/2020,T4C,1,3,74.9,335,U,LR,C,Inner
7/15/2020,T4C,1,4,75.8,479,VSD,R,C,Inner
7/15/2020,T4C,1,5,62.1,632,D,R,C,Inner
7/15/2020,T4C,1,6,72,591,U,R,C,Inner
7/15/2020,T4C,1,7,78.6,467,VSD,R,C,Inner
7/15/2020,T4C,1,8,78.7,395,U,R,C,Inner
7/15/2020,T4C,1,9,79,626,SD,R,C,Inner
7/15/2020,T4C,1,10,83.9,378,U,LR,C,Inner
7/15/2020,T4C,2,1,100.3,414,VSD,LR,C,Inner
7/15/2020,T4C,2,2,90,781,VSD,R,C,Inner
7/15/2020,T4C,2,3,65.7,159,D,LR,C,Inner
7/15/2020,T4C,2,4,86.3,397,D,LR,C,Inner
7/15/2020,T4C,2,5,96.2,376,U,LR,C,Inner
7/15/2020,T4C,2,6,71.9,239,D,R,C,Inner
7/15/2020,T4C,2,7,96.6,174,VSD,R,C,Inner
7/15/2020,T4C,2,8,111.3,596,U,R,C,Inner
7/15/2020,T4C,2,9,94.9,309,D,R,C,Inner
7/15/2020,T4C,2,10,77,659,D,LR,C,Inner
7/15/2020,T4C,3,1,90.3,277,SD,R,C,Inner
7/15/2020,T4C,3,2,73.8,325,D,R,C,Inner
7/15/2020,T4C,3,3,85.9,735,VSD,R,C,Inner
7/15/2020,T4C,3,4,93.5,352,VSD,LR,C,Inner
7/15/2020,T4C,3,5,75.8,398,U,R,C,Inner
7/15/2020,T4C,3,6,60.9,565,VSD,R,C,Inner
7/15/2020,T4C,3,7,69,419,VSD,LR,C,Inner
7/15/2020,T4C,3,8,65,534,VSD,R,C,Inner
7/15/2020,T4C,3,9,84.2,816,U,R,C,Inner
7/15/2020,T4C,3,10,80.7,614,VSD,R,C,Inner
7/15/2020,T4C,4,1,85.5,577,SD,R,C,Inner
7/15/2020,T4C,4,2,81.8,506,U,LR,C,Inner
7/15/2020,T4C,4,3,87.5,314,D,R,C,Inner
7/15/2020,T4C,4,4,79.4,336,SD,LR,C,Inner
7/15/2020,T4C,4,5,75.2,368,U,R,C,Inner
7/15/2020,T4C,4,6,110.9,423,U,R,C,Inner
7/15/2020,T4C,4,7,79.4,185,D,R,C,Inner
7/15/2020,T4C,4,8,92.8,753,SD,LR,C,Inner
7/15/2020,T4C,4,9,96.7,417,U,LR,C,Inner
7/15/2020,T4C,4,10,82.6,811,D,R,C,Inner
7/15/2020,T4C,5,1,102.6,813,VSD,R,C,Inner
7/15/2020,T4C,5,2,141.2,564,D,R,C,Inner
7/15/2020,T4C,5,3,93.3,338,VSD,R,C,Inner
7/15/2020,T4C,5,4,80.8,675,SD,R,C,Inner
7/15/2020,T4C,5,5,122.2,362,SD,R,C,Inner
7/15/2020,T4C,5,6,98.8,378,VSD,LR,C,Inner
7/15/2020,T4C,5,7,81.1,343,VSD,R,C,Inner
7/15/2020,T4C,5,8,81.6,839,D,R,C,Inner
7/15/2020,T4C,5,9,73.7,375,VSD,R,C,Inner
7/15/2020,T4C,5,10,74.3,375,VSD,R,C,Inner
7/15/2020,T5,1,1,61.3,477,D,R,T,Inner
7/15/2020,T5,1,2,82.4,532,U,R,T,Inner
7/15/2020,T5,1,3,78.9,497,SD,R,T,Inner
7/15/2020,T5,1,4,52.9,381,D,P,T,Inner
7/15/2020,T5,1,5,55.1,334,D,P,T,Inner
7/15/2020,T5,1,6,37.5,317,U,R,T,Inner
7/15/2020,T5,1,7,59.8,325,U,LR,T,Inner
7/15/2020,T5,1,8,59.5,198,U,P,T,Inner
7/15/2020,T5,1,9,70,292,D,LR,T,Inner
7/15/2020,T5,1,10,57,471,D,P,T,Inner
7/15/2020,T5,2,1,74.4,342,U,R,T,Inner
7/15/2020,T5,2,2,54.6,588,SD,R,T,Inner
7/15/2020,T5,2,3,85,303,U,R,T,Inner
7/15/2020,T5,2,4,84.4,296,SD,R,T,Inner
7/15/2020,T5,2,5,78.8,412,U,R,T,Inner
7/15/2020,T5,2,6,64.6,476,D,R,T,Inner
7/15/2020,T5,2,7,76.9,512,D,R,T,Inner
7/15/2020,T5,2,8,45.4,187,U,P,T,Inner
7/15/2020,T5,2,9,71.7,471,U,R,T,Inner
7/15/2020,T5,2,10,70.7,489,U,R,T,Inner
7/15/2020,T5,3,1,96.6,243,VSD,R,T,Inner
7/15/2020,T5,3,2,112.5,256,U,R,T,Inner
7/15/2020,T5,3,3,75.9,379,U,R,T,Inner
7/15/2020,T5,3,4,74.5,192,D,P,T,Inner
7/15/2020,T5,3,5,68,353,U,P,T,Inner
7/15/2020,T5,3,6,65.1,301,D,P,T,Inner
7/15/2020,T5,3,7,88.9,412,D,LR,T,Inner
7/15/2020,T5,3,8,104.5,296,D,R,T,Inner
7/15/2020,T5,3,9,69,326,U,LR,T,Inner
7/15/2020,T5,3,10,76.2,152,U,P,T,Inner
7/15/2020,T5,4,1,65.2,312,U,R,T,Inner
7/15/2020,T5,4,2,62.2,326,D,P,T,Inner
7/15/2020,T5,4,3,77.9,363,U,LR,T,Inner
7/15/2020,T5,4,4,70.8,266,U,R,T,Inner
7/15/2020,T5,4,5,56.5,319,U,R,T,Inner
7/15/2020,T5,4,6,71.3,253,U,P,T,Inner
7/15/2020,T5,4,7,66.7,277,D,LR,T,Inner
7/15/2020,T5,4,8,68.2,333,U,LR,T,Inner
7/15/2020,T5,4,9,69.7,296,U,P,T,Inner
7/15/2020,T5,4,10,76.7,446,U,R,T,Inner
7/15/2020,T5,5,1,72.3,276,U,P,T,Inner
7/15/2020,T5,5,2,99.3,318,U,P,T,Inner
7/15/2020,T5,5,3,73.8,238,D,R,T,Inner
7/15/2020,T5,5,4,68.1,379,D,R,T,Inner
7/15/2020,T5,5,5,78,367,U,R,T,Inner
7/15/2020,T5,5,6,58,233,D,P,T,Inner
7/15/2020,T5,5,7,51.2,191,D,B,T,Inner
7/15/2020,T5,5,8,86.9,263,U,G,T,Inner
7/15/2020,T5,5,9,57.7,231,D,P,T,Inner
7/15/2020,T5,5,10,67.1,222,U,B,T,Inner
7/15/2020,T5C,1,1,59.9,216,U,R,C,Inner
7/15/2020,T5C,1,2,74.2,367,VSD,R,C,Inner
7/15/2020,T5C,1,3,90.7,436,D,R,C,Inner
7/15/2020,T5C,1,4,87.5,324,D,P,C,Inner
7/15/2020,T5C,1,5,69.7,239,D,P,C,Inner
7/15/2020,T5C,1,6,78.9,273,U,R,C,Inner
7/15/2020,T5C,1,7,92.6,227,D,R,C,Inner
7/15/2020,T5C,1,8,88.9,347,D,R,C,Inner
7/15/2020,T5C,1,9,89.9,265,U,P,C,Inner
7/15/2020,T5C,1,10,92.7,276,U,P,C,Inner
7/15/2020,T5C,2,1,85.5,321,VSD,P,C,Inner
7/15/2020,T5C,2,2,77.1,199,D,R,C,Inner
7/15/2020,T5C,2,3,84,339,D,R,C,Inner
7/15/2020,T5C,2,4,76.9,237,D,P,C,Inner
7/15/2020,T5C,2,5,89.3,297,VSD,P,C,Inner
7/15/2020,T5C,2,6,80.1,262,D,B,C,Inner
7/15/2020,T5C,2,7,80.1,281,D,R,C,Inner
7/15/2020,T5C,2,8,77.3,540,VSD,R,C,Inner
7/15/2020,T5C,2,9,98.1,245,VSD,R,C,Inner
7/15/2020,T5C,2,10,69.5,221,VSD,R,C,Inner
7/15/2020,T5C,3,1,72.6,304,VSD,P,C,Inner
7/15/2020,T5C,3,2,134,68,U,R,C,Inner
7/15/2020,T5C,3,3,74.2,246,D,P,C,Inner
7/15/2020,T5C,3,4,82.2,292,VSD,P,C,Inner
7/15/2020,T5C,3,5,91,264,SD,R,C,Inner
7/15/2020,T5C,3,6,79.9,315,VSD,R,C,Inner
7/15/2020,T5C,3,7,81.7,211,VSD,P,C,Inner
7/15/2020,T5C,3,8,69,294,D,R,C,Inner
7/15/2020,T5C,3,9,103.1,286,VSD,R,C,Inner
7/15/2020,T5C,3,10,89.4,210,SD,R,C,Inner
7/15/2020,T5C,4,1,125.2,287,U,R,C,Inner
7/15/2020,T5C,4,2,112,500,U,R,C,Inner
7/15/2020,T5C,4,3,92.4,261,D,R,C,Inner
7/15/2020,T5C,4,4,84.3,227,D,R,C,Inner
7/15/2020,T5C,4,5,90.2,282,U,R,C,Inner
7/15/2020,T5C,4,6,67.3,354,SD,P,C,Inner
7/15/2020,T5C,4,7,86.6,209,D,P,C,Inner
7/15/2020,T5C,4,8,97.7,278,U,R,C,Inner
7/15/2020,T5C,4,9,73.7,268,U,R,C,Inner
7/15/2020,T5C,4,10,67.3,281,U,P,C,Inner
7/15/2020,T5C,5,1,94.7,288,D,R,C,Inner
7/15/2020,T5C,5,2,91.8,243,VSD,R,C,Inner
7/15/2020,T5C,5,3,101.5,386,SD,R,C,Inner
7/15/2020,T5C,5,4,65.5,325,U,R,C,Inner
7/15/2020,T5C,5,5,85.6,405,VSD,R,C,Inner
7/15/2020,T5C,5,6,76.9,417,SD,R,C,Inner
7/15/2020,T5C,5,7,62.9,384,VSD,R,C,Inner
7/15/2020,T5C,5,8,64.4,228,SD,R,C,Inner
7/15/2020,T5C,5,9,74.5,281,D,P,C,Inner
7/15/2020,T5C,5,10,74.9,318,SD,R,C,Inner
7/8/2020,T4,1,1,93,397,SD,LR,T,Inner
7/8/2020,T4,1,2,91.2,418,D,LR,T,Inner
7/8/2020,T4,1,3,82.8,317,VSD,R,T,Inner
7/8/2020,T4,1,4,88.4,165,D,R,T,Inner
7/8/2020,T4,1,5,81.8,278,D,P,T,Inner
7/8/2020,T4,1,6,77,191,D,P,T,Inner
7/8/2020,T4,1,7,74,152,U,LR,T,Inner
7/8/2020,T4,1,8,79.3,242,SD,R,T,Inner
7/8/2020,T4,1,9,115.3,362,D,R,T,Inner
7/8/2020,T4,1,10,84.8,426,D,R,T,Inner
7/8/2020,T4,2,1,88.9,527,U,R,T,Inner
7/8/2020,T4,2,2,92.8,252,D,P,T,Inner
7/8/2020,T4,2,3,117.5,394,SD,LR,T,Inner
7/8/2020,T4,2,4,105.3,242,SD,R,T,Inner
7/8/2020,T4,2,5,63.8,177,U,R,T,Inner
7/8/2020,T4,2,6,87.9,551,SD,R,T,Inner
7/8/2020,T4,2,7,70,247,VSD,R,T,Inner
7/8/2020,T4,2,8,87.4,352,D,P,T,Inner
7/8/2020,T4,2,9,78.2,327,U,R,T,Inner
7/8/2020,T4,2,10,106.6,431,D,P,T,Inner
7/8/2020,T4,3,1,146.9,417,SD,R,T,Inner
7/8/2020,T4,3,2,136.5,389,U,R,T,Inner
7/8/2020,T4,3,3,129.2,183,U,LR,T,Inner
7/8/2020,T4,3,4,87.8,273,D,R,T,Inner
7/8/2020,T4,3,5,104.6,301,SD,R,T,Inner
7/8/2020,T4,3,6,114.4,167,D,P,T,Inner
7/8/2020,T4,3,7,79.6,307,D,R,T,Inner
7/8/2020,T4,3,8,95.6,416,SD,R,T,Inner
7/8/2020,T4,3,9,107.8,237,D,R,T,Inner
7/8/2020,T4,3,10,100.1,333,U,LR,T,Inner
7/8/2020,T4,4,1,92,425,VSD,R,T,Inner
7/8/2020,T4,4,2,117.1,412,D,R,T,Inner
7/8/2020,T4,4,3,58,264,SD,R,T,Inner
7/8/2020,T4,4,4,110.1,273,U,R,T,Inner
7/8/2020,T4,4,5,106.1,138,U,P,T,Inner
7/8/2020,T4,4,6,101.8,231,VSD,R,T,Inner
7/8/2020,T4,4,7,101.9,176,U,P,T,Inner
7/8/2020,T4,4,8,79.2,327,D,R,T,Inner
7/8/2020,T4,4,9,88.3,177,D,LR,T,Inner
7/8/2020,T4,4,10,85.4,376,VSD,R,T,Inner
7/8/2020,T4,5,1,110.9,287,SD,R,T,Inner
7/8/2020,T4,5,2,114.2,367,D,LR,T,Inner
7/8/2020,T4,5,3,90.1,361,D,R,T,Inner
7/8/2020,T4,5,4,59.5,233,VSD,P,T,Inner
7/8/2020,T4,5,5,67.6,238,SD,R,T,Inner
7/8/2020,T4,5,6,96.9,145,U,P,T,Inner
7/8/2020,T4,5,7,99.4,208,D,LR,T,Inner
7/8/2020,T4,5,8,86.7,217,VSD,P,T,Inner
7/8/2020,T4,5,9,79.6,133,U,B,T,Inner
7/8/2020,T4,5,10,124.4,178,SD,P,T,Inner
7/8/2020,T4C,1,1,96.2,357,VSD,R,C,Inner
7/8/2020,T4C,1,2,57.1,334,SD,R,C,Inner
7/8/2020,T4C,1,3,84.3,281,VSD,R,C,Inner
7/8/2020,T4C,1,4,93.1,233,SD,R,C,Inner
7/8/2020,T4C,1,5,74.6,347,VSD,B,C,Inner
7/8/2020,T4C,1,6,84.5,265,D,B,C,Inner
7/8/2020,T4C,1,7,100,208,U,B,C,Inner
7/8/2020,T4C,1,8,55,237,SD,B,C,Inner
7/8/2020,T4C,1,9,91.5,243,D,P,C,Inner
7/8/2020,T4C,1,10,111.8,187,U,LR,C,Inner
7/8/2020,T4C,2,1,77.3,492,VSD,P,C,Inner
7/8/2020,T4C,2,2,105.1,461,VSD,R,C,Inner
7/8/2020,T4C,2,3,97.9,278,D,P,C,Inner
7/8/2020,T4C,2,4,78.9,286,D,B,C,Inner
7/8/2020,T4C,2,5,98.4,275,U,P,C,Inner
7/8/2020,T4C,2,6,101,295,U,R,C,Inner
7/8/2020,T4C,2,7,90.6,259,U,P,C,Inner
7/8/2020,T4C,2,8,88.2,106,U,P,C,Inner
7/8/2020,T4C,2,9,90.1,421,U,P,C,Inner
7/8/2020,T4C,2,10,88.3,352,VSD,P,C,Inner
7/8/2020,T4C,3,1,114.6,263,D,B,C,Inner
7/8/2020,T4C,3,2,97.2,158,SD,P,C,Inner
7/8/2020,T4C,3,3,82.2,89,U,B,C,Inner
7/8/2020,T4C,3,4,110.7,404,VSD,P,C,Inner
7/8/2020,T4C,3,5,118.9,282,VSD,P,C,Inner
7/8/2020,T4C,3,6,108,294,VSD,P,C,Inner
7/8/2020,T4C,3,7,93,196,SD,P,C,Inner
7/8/2020,T4C,3,8,93.7,181,D,P,C,Inner
7/8/2020,T4C,3,9,120,148,VSD,R,C,Inner
7/8/2020,T4C,3,10,91.7,165,D,P,C,Inner
7/8/2020,T4C,4,1,128,394,VSD,LR,C,Inner
7/8/2020,T4C,4,2,132.4,168,VSD,P,C,Inner
7/8/2020,T4C,4,3,119.1,134,VSD,B,C,Inner
7/8/2020,T4C,4,4,99.3,170,VSD,P,C,Inner
7/8/2020,T4C,4,5,118.3,85,U,B,C,Inner
7/8/2020,T4C,4,6,102.7,108,VSD,P,C,Inner
7/8/2020,T4C,4,7,102.1,132,VSD,P,C,Inner
7/8/2020,T4C,4,8,79.2,216,VSD,P,C,Inner
7/8/2020,T4C,4,9,109.8,212,VSD,P,C,Inner
7/8/2020,T4C,4,10,91.4,246,VSD,R,C,Inner
7/8/2020,T4C,5,1,104.8,233,D,R,C,Inner
7/8/2020,T4C,5,2,87.2,298,VSD,R,C,Inner
7/8/2020,T4C,5,3,81.1,305,VSD,R,C,Inner
7/8/2020,T4C,5,4,100.4,376,VSD,R,C,Inner
7/8/2020,T4C,5,5,76.3,353,VSD,R,C,Inner
7/8/2020,T4C,5,6,72.2,127,D,R,C,Inner
7/8/2020,T4C,5,7,89.1,301,VSD,R,C,Inner
7/8/2020,T4C,5,8,107.8,309,VSD,R,C,Inner
7/8/2020,T4C,5,9,91.1,313,VSD,R,C,Inner
7/8/2020,T4C,5,10,97.2,282,VSD,R,C,Inner
7/8/2020,T5,1,1,86.8,382,VSD,LR,T,Inner
7/8/2020,T5,1,2,82.7,375,SD,LR,T,Inner
7/8/2020,T5,1,3,79.2,456,D,R,T,Inner
7/8/2020,T5,1,4,83.8,314,VSD,LR,T,Inner
7/8/2020,T5,1,5,102.9,706,VSD,LR,T,Inner
7/8/2020,T5,1,6,76.5,397,VSD,R,T,Inner
7/8/2020,T5,1,7,81.2,194,VSD,R,T,Inner
7/8/2020,T5,1,8,79.9,359,SD,LR,T,Inner
7/8/2020,T5,1,9,87.2,351,VSD,R,T,Inner
7/8/2020,T5,1,10,95.6,294,D,P,T,Inner
7/8/2020,T5,2,1,74.1,498,SD,R,T,Inner
7/8/2020,T5,2,2,134.8,412,SD,R,T,Inner
7/8/2020,T5,2,3,102.9,308,VSD,R,T,Inner
7/8/2020,T5,2,4,88.2,336,VSD,LR,T,Inner
7/8/2020,T5,2,5,109.1,202,U,R,T,Inner
7/8/2020,T5,2,6,90.2,166,VSD,R,T,Inner
7/8/2020,T5,2,7,68.3,193,D,R,T,Inner
7/8/2020,T5,2,8,81.5,338,SD,LR,T,Inner
7/8/2020,T5,2,9,95.3,273,U,R,T,Inner
7/8/2020,T5,2,10,70.4,251,VSD,R,T,Inner
7/8/2020,T5,3,1,198.5,190,U,LR,T,Inner
7/8/2020,T5,3,2,77.4,301,VSD,R,T,Inner
7/8/2020,T5,3,3,127.5,183,VSD,R,T,Inner
7/8/2020,T5,3,4,81.2,333,SD,R,T,Inner
7/8/2020,T5,3,5,98.2,417,VSD,LR,T,Inner
7/8/2020,T5,3,6,85.6,103,VSD,R,T,Inner
7/8/2020,T5,3,7,111.6,399,SD,R,T,Inner
7/8/2020,T5,3,8,114.5,373,VSD,R,T,Inner
7/8/2020,T5,3,9,80.5,204,VSD,R,T,Inner
7/8/2020,T5,3,10,126.6,476,U,R,T,Inner
7/8/2020,T5,4,1,99,391,VSD,LR,T,Inner
7/8/2020,T5,4,2,105.6,360,VSD,LR,T,Inner
7/8/2020,T5,4,3,129.3,295,VSD,LR,T,Inner
7/8/2020,T5,4,4,103.5,484,SD,R,T,Inner
7/8/2020,T5,4,5,95,322,D,LR,T,Inner
7/8/2020,T5,4,6,88.2,344,VSD,R,T,Inner
7/8/2020,T5,4,7,101.7,422,VSD,R,T,Inner
7/8/2020,T5,4,8,119.5,369,VSD,LR,T,Inner
7/8/2020,T5,4,9,122.2,361,SD,R,T,Inner
7/8/2020,T5,4,10,85.1,315,VSD,R,T,Inner
7/8/2020,T5,5,1,108.8,368,VSD,R,T,Inner
7/8/2020,T5,5,2,97.3,286,VSD,R,T,Inner
7/8/2020,T5,5,3,91.6,264,VSD,R,T,Inner
7/8/2020,T5,5,4,109.3,210,VSD,LR,T,Inner
7/8/2020,T5,5,5,99.7,212,U,R,T,Inner
7/8/2020,T5,5,6,93.9,165,VSD,R,T,Inner
7/8/2020,T5,5,7,88.2,309,VSD,R,T,Inner
7/8/2020,T5,5,8,67.8,106,U,R,T,Inner
7/8/2020,T5,5,9,77.5,511,VSD,R,T,Inner
7/8/2020,T5,5,10,74.6,216,VSD,R,T,Inner
7/8/2020,T5C,1,1,94.1,371,VSD,R,C,Inner
7/8/2020,T5C,1,2,114.7,408,VSD,R,C,Inner
7/8/2020,T5C,1,3,111.8,430,VSD,R,C,Inner
7/8/2020,T5C,1,4,93,274,SD,LR,C,Inner
7/8/2020,T5C,1,5,82,309,VSD,R,C,Inner
7/8/2020,T5C,1,6,127.8,420,VSD,LR,C,Inner
7/8/2020,T5C,1,7,102.3,407,VSD,R,C,Inner
7/8/2020,T5C,1,8,62.7,192,D,R,C,Inner
7/8/2020,T5C,1,9,128.6,294,VSD,LR,C,Inner
7/8/2020,T5C,1,10,66.8,176,U,R,C,Inner
7/8/2020,T5C,2,1,121.2,197,U,R,C,Inner
7/8/2020,T5C,2,2,113,114,U,R,C,Inner
7/8/2020,T5C,2,3,105.2,171,U,R,C,Inner
7/8/2020,T5C,2,4,137.8,351,VSD,R,C,Inner
7/8/2020,T5C,2,5,134,239,VSD,R,C,Inner
7/8/2020,T5C,2,6,113.7,382,SD,LR,C,Inner
7/8/2020,T5C,2,7,115.2,198,VSD,LR,C,Inner
7/8/2020,T5C,2,8,95,258,SD,R,C,Inner
7/8/2020,T5C,2,9,113.4,201,VSD,LR,C,Inner
7/8/2020,T5C,2,10,93.3,228,D,R,C,Inner
7/8/2020,T5C,3,1,85.2,214,U,LR,C,Inner
7/8/2020,T5C,3,2,80.8,535,U,G,C,Inner
7/8/2020,T5C,3,3,117.5,318,D,T,C,Inner
7/8/2020,T5C,3,4,104.2,428,U,R,C,Inner
7/8/2020,T5C,3,5,124.9,145,U,R,C,Inner
7/8/2020,T5C,3,6,121.8,369,VSD,R,C,Inner
7/8/2020,T5C,3,7,135.1,350,SD,R,C,Inner
7/8/2020,T5C,3,8,90.1,457,D,LR,C,Inner
7/8/2020,T5C,3,9,78.9,202,VSD,R,C,Inner
7/8/2020,T5C,3,10,84,241,SD,R,C,Inner
7/8/2020,T5C,4,1,134.2,214,VSD,R,C,Inner
7/8/2020,T5C,4,2,84.2,153,U,LR,C,Inner
7/8/2020,T5C,4,3,101.7,231,D,LR,C,Inner
7/8/2020,T5C,4,4,77.5,441,VSD,R,C,Inner
7/8/2020,T5C,4,5,91.9,134,SD,LR,C,Inner
7/8/2020,T5C,4,6,103.4,194,VSD,R,C,Inner
7/8/2020,T5C,4,7,132.4,465,U,R,C,Inner
7/8/2020,T5C,4,8,128.4,361,D,R,C,Inner
7/8/2020,T5C,4,9,85.7,206,U,LR,C,Inner
7/8/2020,T5C,4,10,86.8,150,D,R,C,Inner
7/8/2020,T5C,5,1,83.1,283,VSD,LR,C,Inner
7/8/2020,T5C,5,2,138.7,312,SD,R,C,Inner
7/8/2020,T5C,5,3,101.6,250,D,LR,C,Inner
7/8/2020,T5C,5,4,90.3,422,U,LR,C,Inner
7/8/2020,T5C,5,5,94.8,511,VSD,R,C,Inner
7/8/2020,T5C,5,6,82.5,246,VSD,LR,C,Inner
7/8/2020,T5C,5,7,97.2,334,VSD,LR,C,Inner
7/8/2020,T5C,5,8,114.5,375,VSD,R,C,Inner
7/8/2020,T5C,5,9,110,347,VSD,R,C,Inner
7/8/2020,T5C,5,10,109.2,226,VSD,R,C,Inner
7/1/2020,T4,1,1,133.9,523,U ,T,T,Inner
7/1/2020,T4,1,2,118,359,D,LR,T,Inner
7/1/2020,T4,1,3,69.7,497,VSD,R,T,Inner
7/1/2020,T4,1,4,89.5,522,U,G,T,Inner
7/1/2020,T4,1,5,63.5,205,SD,R,T,Inner
7/1/2020,T4,1,6,75.1,281,VSD,G,T,Inner
7/1/2020,T4,1,7,91,389,U,P,T,Inner
7/1/2020,T4,1,8,86.4,215,U,P,T,Inner
7/1/2020,T4,1,9,81.3,404,VSD,LR,T,Inner
7/1/2020,T4,1,10,82.7,236,D,G,T,Inner
7/1/2020,T4,2,1,68.3,373,VSD,LR,T,Inner
7/1/2020,T4,2,2,72.8,272,D,LR,T,Inner
7/1/2020,T4,2,3,50.9,98,SD,R,T,Inner
7/1/2020,T4,2,4,71.8,151,U,G,T,Inner
7/1/2020,T4,2,5,108.6,321,U,G,T,Inner
7/1/2020,T4,2,6,105.5,302,D,B,T,Inner
7/1/2020,T4,2,7,50.6,166,VSD,LR,T,Inner
7/1/2020,T4,2,8,97.6,185,VSD,LR,T,Inner
7/1/2020,T4,2,9,88.9,388,VSD,T,T,Inner
7/1/2020,T4,2,10,64.4,117,VSD,P,T,Inner
7/1/2020,T4,3,1,96.4,520,VSD,LR,T,Inner
7/1/2020,T4,3,2,100.3,161,D,P,T,Inner
7/1/2020,T4,3,3,78.1,238,U,LR,T,Inner
7/1/2020,T4,3,4,106,231,VSD,P,T,Inner
7/1/2020,T4,3,5,115.2,315,SD,P,T,Inner
7/1/2020,T4,3,6,128.4,532,VSD,R,T,Inner
7/1/2020,T4,3,7,131.5,285,VSD,LR,T,Inner
7/1/2020,T4,3,8,133.5,314,VSD,LR,T,Inner
7/1/2020,T4,3,9,107.2,318,VSD,LR,T,Inner
7/1/2020,T4,3,10,99.6,495,U,G,T,Inner
7/1/2020,T4,4,1,102.5,283,VSD,R,T,Inner
7/1/2020,T4,4,2,100,480,D,G,T,Inner
7/1/2020,T4,4,3,69.9,101,VSD,LR,T,Inner
7/1/2020,T4,4,4,78.4,239,VSD,LR,T,Inner
7/1/2020,T4,4,5,128.7,312,SD,G,T,Inner
7/1/2020,T4,4,6,97.1,427,VSD,P,T,Inner
7/1/2020,T4,4,7,75.6,310,VSD,LR,T,Inner
7/1/2020,T4,4,8,78.3,223,U,G,T,Inner
7/1/2020,T4,4,9,79.1,258,VSD,LR,T,Inner
7/1/2020,T4,4,10,94.7,304,VSD,P,T,Inner
7/1/2020,T4,5,1,112.7,163,SD,LR,T,Inner
7/1/2020,T4,5,2,103.1,593,U,G,T,Inner
7/1/2020,T4,5,3,85.8,322,VSD,R,T,Inner
7/1/2020,T4,5,4,110.3,103,VSD,LR,T,Inner
7/1/2020,T4,5,5,64.4,62,VSD,LR,T,Inner
7/1/2020,T4,5,6,96.2,229,SD,R,T,Inner
7/1/2020,T4,5,7,106.2,393,VSD,LR,T,Inner
7/1/2020,T4,5,8,59.5,47,D,R,T,Inner
7/1/2020,T4,5,9,78.7,69,VSD,T,T,Inner
7/1/2020,T4,5,10,64.2,64,D,R,T,Inner
7/1/2020,T4C,1,1,87.4,360,VSD,R,C,Inner
7/1/2020,T4C,1,2,117.1,182,VSD,LR,C,Inner
7/1/2020,T4C,1,3,106.5,174,VSD,LR,C,Inner
7/1/2020,T4C,1,4,113.1,248,U,B,C,Inner
7/1/2020,T4C,1,5,74.7,90,D,R,C,Inner
7/1/2020,T4C,1,6,55.6,64,VSD,R,C,Inner
7/1/2020,T4C,1,7,102.9,266,VSD,LR,C,Inner
7/1/2020,T4C,1,8,83.9,406,VSD,P,C,Inner
7/1/2020,T4C,1,9,102.3,313,VSD,LR,C,Inner
7/1/2020,T4C,1,10,60.9,270,U,R,C,Inner
7/1/2020,T4C,2,1,61.7,161,D,G,C,Inner
7/1/2020,T4C,2,2,93.8,269,SD,T,C,Inner
7/1/2020,T4C,2,3,47.5,99,VSD,LR,C,Inner
7/1/2020,T4C,2,4,80,331,VSD,G,C,Inner
7/1/2020,T4C,2,5,93.3,147,U,T,C,Inner
7/1/2020,T4C,2,6,105.6,655,SD,B,C,Inner
7/1/2020,T4C,2,7,98.5,239,VSD,P,C,Inner
7/1/2020,T4C,2,8,95.6,217,SD,LR,C,Inner
7/1/2020,T4C,2,9,98.1,325,U,B,C,Inner
7/1/2020,T4C,2,10,77.7,639,U,B,C,Inner
7/1/2020,T4C,3,1,151.1,476,VSD,P,C,Inner
7/1/2020,T4C,3,2,73,72,VSD,LR,C,Inner
7/1/2020,T4C,3,3,93.4,152,VSD,R,C,Inner
7/1/2020,T4C,3,4,99.9,420,VSD,P,C,Inner
7/1/2020,T4C,3,5,112.9,260,U,T,C,Inner
7/1/2020,T4C,3,6,143.1,144,VSD,LR,C,Inner
7/1/2020,T4C,3,7,127.9,90,SD,R,C,Inner
7/1/2020,T4C,3,8,74.3,454,VSD,P,C,Inner
7/1/2020,T4C,3,9,134.4,375,VSD,LR,C,Inner
7/1/2020,T4C,3,10,113.2,347,VSD,P,C,Inner
7/1/2020,T4C,4,1,94.2,146,SD,P,C,Inner
7/1/2020,T4C,4,2,89.2,164,D,P,C,Inner
7/1/2020,T4C,4,3,144.1,507,VSD,R,C,Inner
7/1/2020,T4C,4,4,102.3,469,VSD,P,C,Inner
7/1/2020,T4C,4,5,106.2,392,SD,T,C,Inner
7/1/2020,T4C,4,6,108.8,125,U,R,C,Inner
7/1/2020,T4C,4,7,85.7,525,U,B,C,Inner
7/1/2020,T4C,4,8,92.2,96,VSD,R,C,Inner
7/1/2020,T4C,4,9,59.8,38,VSD,LR,C,Inner
7/1/2020,T4C,4,10,121.5,117,VSD,R,C,Inner
7/1/2020,T4C,5,1,100.4,411,VSD,R,C,Inner
7/1/2020,T4C,5,2,90.4,195,SD,LR,C,Inner
7/1/2020,T4C,5,3,106.7,255,VSD,LR,C,Inner
7/1/2020,T4C,5,4,46.7,59,VSD,R,C,Inner
7/1/2020,T4C,5,5,90.7,212,U,T,C,Inner
7/1/2020,T4C,5,6,114.2,339,D,LR,C,Inner
7/1/2020,T4C,5,7,94.6,101,U,LR,C,Inner
7/1/2020,T4C,5,8,66.4,172,VSD,R,C,Inner
7/1/2020,T4C,5,9,105.3,244,SD,P,C,Inner
7/1/2020,T4C,5,10,104.6,281,VSD,R,C,Inner
7/1/2020,T5,1,1,78.9,278,U,G,T,Inner
7/1/2020,T5,1,2,96.5,429,U,G,T,Inner
7/1/2020,T5,1,3,79.8,249,D,T,T,Inner
7/1/2020,T5,1,4,61.4,98,U,G,T,Inner
7/1/2020,T5,1,5,60.9,281,D,G,T,Inner
7/1/2020,T5,1,6,71.1,273,U,B,T,Inner
7/1/2020,T5,1,7,68,354,D,T,T,Inner
7/1/2020,T5,1,8,74.3,266,D,P,T,Inner
7/1/2020,T5,1,9,62.1,391,VSD,P,T,Inner
7/1/2020,T5,1,10,45.9,158,U,R,T,Inner
7/1/2020,T5,2,1,89.6,281,U,B,T,Inner
7/1/2020,T5,2,2,90.4,192,U,B,T,Inner
7/1/2020,T5,2,3,106.1,256,U,T,T,Inner
7/1/2020,T5,2,4,94.6,285,U,B,T,Inner
7/1/2020,T5,2,5,88.9,220,U,B,T,Inner
7/1/2020,T5,2,6,88.2,523,U,T,T,Inner
7/1/2020,T5,2,7,90.9,292,U,P,T,Inner
7/1/2020,T5,2,8,136,422,U,LR,T,Inner
7/1/2020,T5,2,9,103.8,354,U,R,T,Inner
7/1/2020,T5,2,10,129,472,VSD,R,T,Inner
7/1/2020,T5,3,1,124.3,265,U,G,T,Inner
7/1/2020,T5,3,2,96.7,196,U,G,T,Inner
7/1/2020,T5,3,3,115.2,281,U,G,T,Inner
7/1/2020,T5,3,4,111.8,457,U,B,T,Inner
7/1/2020,T5,3,5,101.8,249,U,B,T,Inner
7/1/2020,T5,3,6,89.1,278,U,B,T,Inner
7/1/2020,T5,3,7,107.8,272,U,P,T,Inner
7/1/2020,T5,3,8,86.7,287,U,P,T,Inner
7/1/2020,T5,3,9,112.6,333,SD,P,T,Inner
7/1/2020,T5,3,10,120.3,145,SD,R,T,Inner
7/1/2020,T5,4,1,77.1,323,U,G,T,Inner
7/1/2020,T5,4,2,99.7,297,U,G,T,Inner
7/1/2020,T5,4,3,108,554,D,G,T,Inner
7/1/2020,T5,4,4,105.1,312,U,B,T,Inner
7/1/2020,T5,4,5,112.8,299,D,B,T,Inner
7/1/2020,T5,4,6,95.2,316,U,T,T,Inner
7/1/2020,T5,4,7,n/a,n/a,n/a,n/a,T,Inner
7/1/2020,T5,4,8,109.4,279,D,P,T,Inner
7/1/2020,T5,4,9,105.6,351,SD,P,T,Inner
7/1/2020,T5,4,10,114.3,288,VSD,P,T,Inner
7/1/2020,T5,5,1,97.1,137,U,G,T,Inner
7/1/2020,T5,5,2,107.3,180,U,G,T,Inner
7/1/2020,T5,5,3,110.2,258,U,B,T,Inner
7/1/2020,T5,5,4,124.5,284,U,B,T,Inner
7/1/2020,T5,5,5,80.2,143,U,T,T,Inner
7/1/2020,T5,5,6,82.5,185,U,P,T,Inner
7/1/2020,T5,5,7,93.6,231,U,P,T,Inner
7/1/2020,T5,5,8,91.6,228,U,LR,T,Inner
7/1/2020,T5,5,9,83.4,159,U,P,T,Inner
7/1/2020,T5,5,10,124.3,306,SD,R,T,Inner
7/1/2020,T5C,1,1,89.3,227,U,G,C,Inner
7/1/2020,T5C,1,2,98.9,291,D,T,C,Inner
7/1/2020,T5C,1,3,91,325,D,G,C,Inner
7/1/2020,T5C,1,4,108.6,368,D,B,C,Inner
7/1/2020,T5C,1,5,111,466,D,G,C,Inner
7/1/2020,T5C,1,6,81.3,192,SD,T,C,Inner
7/1/2020,T5C,1,7,106.5,235,U,P,C,Inner
7/1/2020,T5C,1,8,106,244,U,T,C,Inner
7/1/2020,T5C,1,9,77,275,SD,P,C,Inner
7/1/2020,T5C,1,10,175.7,343,VSD,LR,C,Inner
7/1/2020,T5C,2,1,80.6,130,U,G,C,Inner
7/1/2020,T5C,2,2,65.6,211,U,G,C,Inner
7/1/2020,T5C,2,3,126.5,269,U,G,C,Inner
7/1/2020,T5C,2,4,106.4,212,D,P,C,Inner
7/1/2020,T5C,2,5,134,243,U,G,C,Inner
7/1/2020,T5C,2,6,103.6,267,U,T,C,Inner
7/1/2020,T5C,2,7,120.4,255,U,P,C,Inner
7/1/2020,T5C,2,8,126.3,189,SD,P,C,Inner
7/1/2020,T5C,2,9,120.3,293,U,P,C,Inner
7/1/2020,T5C,2,10,85.7,197,U,T,C,Inner
7/1/2020,T5C,3,1,59.2,73,U,G,C,Inner
7/1/2020,T5C,3,2,68,142,U,G,C,Inner
7/1/2020,T5C,3,3,93.8,263,U,G,C,Inner
7/1/2020,T5C,3,4,109.6,249,U,G,C,Inner
7/1/2020,T5C,3,5,109.7,225,U,B,C,Inner
7/1/2020,T5C,3,6,83.8,172,U,G,C,Inner
7/1/2020,T5C,3,7,116.3,412,U,G,C,Inner
7/1/2020,T5C,3,8,139.5,251,U,G,C,Inner
7/1/2020,T5C,3,9,117.9,254,U,P,C,Inner
7/1/2020,T5C,3,10,183.9,248,U,P,C,Inner
7/1/2020,T5C,4,1,96.7,310,U,B,C,Inner
7/1/2020,T5C,4,2,120.7,228,U,T,C,Inner
7/1/2020,T5C,4,3,109.8,410,U,B,C,Inner
7/1/2020,T5C,4,4,127.7,294,U,T,C,Inner
7/1/2020,T5C,4,5,124.9,283,U,T,C,Inner
7/1/2020,T5C,4,6,111.7,236,SD,T,C,Inner
7/1/2020,T5C,4,7,104.1,260,U,G,C,Inner
7/1/2020,T5C,4,8,96.9,132,U,T,C,Inner
7/1/2020,T5C,4,9,82.1,248,U,G,C,Inner
7/1/2020,T5C,4,10,167.1,177,U,T,C,Inner
7/1/2020,T5C,5,1,100.1,205,SD,T,C,Inner
7/1/2020,T5C,5,2,112.9,151,U,T,C,Inner
7/1/2020,T5C,5,3,91.3,171,U,G,C,Inner
7/1/2020,T5C,5,4,97.5,179,U,T,C,Inner
7/1/2020,T5C,5,5,92.6,196,D,P,C,Inner
7/1/2020,T5C,5,6,82.3,291,U,G,C,Inner
7/1/2020,T5C,5,7,121.3,107,U,T,C,Inner
7/1/2020,T5C,5,8,103.2,155,U,T,C,Inner
7/1/2020,T5C,5,9,101.5,127,U,T,C,Inner
7/1/2020,T5C,5,10,71.3,282,U,G,C,Inner
6/24/2020,T1,1,1,,222,VSD,,T,Outer
6/24/2020,T1,1,2,,184,VSD,,T,Outer
6/24/2020,T1,1,3,,148,D,,T,Outer
6/24/2020,T1,1,4,,253,VSD,,T,Outer
6/24/2020,T1,1,5,,226,SD,,T,Outer
6/24/2020,T1,2,1,,404,VSD,,T,Outer
6/24/2020,T1,2,2,,263,VSD,,T,Outer
6/24/2020,T1,2,3,,499,VSD,,T,Outer
6/24/2020,T1,2,4,,434,U,,T,Outer
6/24/2020,T1,2,5,,389,U,,T,Outer
6/24/2020,T1,3,1,,97,U,,T,Outer
6/24/2020,T1,3,2,,249,VSD,,T,Outer
6/24/2020,T1,3,3,,292,SD,,T,Outer
6/24/2020,T1,3,4,,408,VSD,,T,Outer
6/24/2020,T1,3,5,,552,U,,T,Outer
6/24/2020,T1,4,1,,299,VSD,,T,Outer
6/24/2020,T1,4,2,,162,U,,T,Outer
6/24/2020,T1,4,3,,277,VSD,,T,Outer
6/24/2020,T1,4,4,,189,U,,T,Outer
6/24/2020,T1,4,5,,82,VSD,,T,Outer
6/24/2020,T1,5,1,,463,SD,,T,Outer
6/24/2020,T1,5,2,,290,VSD,,T,Outer
6/24/2020,T1,5,3,,272,SD,,T,Outer
6/24/2020,T1,5,4,,126,D,,T,Outer
6/24/2020,T1,5,5,,233,SD,,T,Outer
6/24/2020,T1C,1,1,,122,U,,C,Outer
6/24/2020,T1C,1,2,,235,U,,C,Outer
6/24/2020,T1C,1,3,,294,U,,C,Outer
6/24/2020,T1C,1,4,,145,U,,C,Outer
6/24/2020,T1C,1,5,,226,U,,C,Outer
6/24/2020,T1C,2,1,,96,VSD,,C,Outer
6/24/2020,T1C,2,2,,168,U,,C,Outer
6/24/2020,T1C,2,3,,65,VSD,,C,Outer
6/24/2020,T1C,2,4,,191,U,,C,Outer
6/24/2020,T1C,2,5,,103,U,,C,Outer
6/24/2020,T1C,3,1,,82,VSD,,C,Outer
6/24/2020,T1C,3,2,,190,VSD,,C,Outer
6/24/2020,T1C,3,3,,259,U,,C,Outer
6/24/2020,T1C,3,4,,242,U,,C,Outer
6/24/2020,T1C,3,5,,135,U,,C,Outer
6/24/2020,T1C,4,1,,97,U,,C,Outer
6/24/2020,T1C,4,2,,123,U,,C,Outer
6/24/2020,T1C,4,3,,42,U,,C,Outer
6/24/2020,T1C,4,4,,76,U,,C,Outer
6/24/2020,T1C,4,5,,99,U,,C,Outer
6/24/2020,T1C,5,1,,214,U,,C,Outer
6/24/2020,T1C,5,2,,247,U,,C,Outer
6/24/2020,T1C,5,3,,134,U,,C,Outer
6/24/2020,T1C,5,4,,72,U,,C,Outer
6/24/2020,T1C,5,5,,129,U,,C,Outer
6/24/2020,T4,1,1,,301,U,,T,Inner
6/24/2020,T4,1,2,,235,U,,T,Inner
6/24/2020,T4,1,3,,432,U,,T,Inner
6/24/2020,T4,1,4,,271,U,,T,Inner
6/24/2020,T4,1,5,,157,U,,T,Inner
6/24/2020,T4,2,1,,426,U,,T,Inner
6/24/2020,T4,2,2,,160,U,,T,Inner
6/24/2020,T4,2,3,,131,U,,T,Inner
6/24/2020,T4,2,4,,397,U,,T,Inner
6/24/2020,T4,2,5,,183,U,,T,Inner
6/24/2020,T4,3,1,,246,U,,T,Inner
6/24/2020,T4,3,2,,166,D,,T,Inner
6/24/2020,T4,3,3,,260,U,,T,Inner
6/24/2020,T4,3,4,,149,U,,T,Inner
6/24/2020,T4,3,5,,294,U,,T,Inner
6/24/2020,T4,4,1,,376,U,,T,Inner
6/24/2020,T4,4,2,,125,U,,T,Inner
6/24/2020,T4,4,3,,413,U,,T,Inner
6/24/2020,T4,4,4,,311,D,,T,Inner
6/24/2020,T4,4,5,,421,D,,T,Inner
6/24/2020,T4,5,1,,237,VSD,,T,Inner
6/24/2020,T4,5,2,,217,D ,,T,Inner
6/24/2020,T4,5,3,,138,U,,T,Inner
6/24/2020,T4,5,4,,285,U,,T,Inner
6/24/2020,T4,5,5,,314,U,,T,Inner
6/24/2020,T4C,1,1,,57,U,,C,Inner
6/24/2020,T4C,1,2,,291,U,,C,Inner
6/24/2020,T4C,1,3,,171,U,,C,Inner
6/24/2020,T4C,1,4,,353,U,,C,Inner
6/24/2020,T4C,1,5,,132,U,,C,Inner
6/24/2020,T4C,2,1,,91,U,,C,Inner
6/24/2020,T4C,2,2,,47,U,,C,Inner
6/24/2020,T4C,2,3,,11,U,,C,Inner
6/24/2020,T4C,2,4,,47,U,,C,Inner
6/24/2020,T4C,2,5,,84,SD,,C,Inner
6/24/2020,T4C,3,1,,265,U,,C,Inner
6/24/2020,T4C,3,2,,184,SD,,C,Inner
6/24/2020,T4C,3,3,,411,D,,C,Inner
6/24/2020,T4C,3,4,,233,D,,C,Inner
6/24/2020,T4C,3,5,,108,U,,C,Inner
6/24/2020,T4C,4,1,,71,U,,C,Inner
6/24/2020,T4C,4,2,,314,U,,C,Inner
6/24/2020,T4C,4,3,,213,U,,C,Inner
6/24/2020,T4C,4,4,,141,U,,C,Inner
6/24/2020,T4C,4,5,,340,SD,,C,Inner
6/24/2020,T4C,5,1,,156,SD,,C,Inner
6/24/2020,T4C,5,2,,171,U,,C,Inner
6/24/2020,T4C,5,3,,252,D ,,C,Inner
6/24/2020,T4C,5,4,,297,U,,C,Inner
6/24/2020,T4C,5,5,,158,U,,C,Inner
6/24/2020,T5,1,1,,427,VSD,,T,Inner
6/24/2020,T5,1,2,,452,SD,,T,Inner
6/24/2020,T5,1,3,,172,U,,T,Inner
6/24/2020,T5,1,4,,234,SD,,T,Inner
6/24/2020,T5,1,5,,147,D,,T,Inner
6/24/2020,T5,2,1,,331,VSD,,T,Inner
6/24/2020,T5,2,2,,193,U,,T,Inner
6/24/2020,T5,2,3,,144,U,,T,Inner
6/24/2020,T5,2,4,,348,D,,T,Inner
6/24/2020,T5,2,5,,159,U,,T,Inner
6/24/2020,T5,3,1,,377,U,,T,Inner
6/24/2020,T5,3,2,,213,U,,T,Inner
6/24/2020,T5,3,3,,257,U,,T,Inner
6/24/2020,T5,3,4,,185,U,,T,Inner
6/24/2020,T5,3,5,,289,U,,T,Inner
6/24/2020,T5,4,1,,270,U,,T,Inner
6/24/2020,T5,4,2,,253,U,,T,Inner
6/24/2020,T5,4,3,,183,VSD,,T,Inner
6/24/2020,T5,4,4,,531,U,,T,Inner
6/24/2020,T5,4,5,,188,U,,T,Inner
6/24/2020,T5,5,1,,416,SD,,T,Inner
6/24/2020,T5,5,2,,295,U,,T,Inner
6/24/2020,T5,5,3,,214,U,,T,Inner
6/24/2020,T5,5,4,,287,U,,T,Inner
6/24/2020,T5,5,5,,82,U,,T,Inner
6/24/2020,T5C,1,1,,136,U,,C,Inner
6/24/2020,T5C,1,2,,155,U,,C,Inner
6/24/2020,T5C,1,3,,162,U,,C,Inner
6/24/2020,T5C,1,4,,188,U,,C,Inner
6/24/2020,T5C,1,5,,145,U,,C,Inner
6/24/2020,T5C,2,1,,287,U,,C,Inner
6/24/2020,T5C,2,2,,190,U,,C,Inner
6/24/2020,T5C,2,3,,325,U,,C,Inner
6/24/2020,T5C,2,4,,138,U,,C,Inner
6/24/2020,T5C,2,5,,78,SD,,C,Inner
6/24/2020,T5C,3,1,,290,U,,C,Inner
6/24/2020,T5C,3,2,,255,U,,C,Inner
6/24/2020,T5C,3,3,,211,U,,C,Inner
6/24/2020,T5C,3,4,,86,U,,C,Inner
6/24/2020,T5C,3,5,,117,U,,C,Inner
6/24/2020,T5C,4,1,,377,U,,C,Inner
6/24/2020,T5C,4,2,,206,U,,C,Inner
6/24/2020,T5C,4,3,,155,U,,C,Inner
6/24/2020,T5C,4,4,,89,U,,C,Inner
6/24/2020,T5C,4,5,,120,U,,C,Inner
6/24/2020,T5C,5,1,,156,U,,C,Inner
6/24/2020,T5C,5,2,,199,U,,C,Inner
6/24/2020,T5C,5,3,,259,U,,C,Inner
6/24/2020,T5C,5,4,,174,U,,C,Inner
6/24/2020,T5C,5,5,,236,U,,C,Inner
6/24/2020,T8,1,1,,415,D,,T,Outer
6/24/2020,T8,1,2,,240,D,,T,Outer
6/24/2020,T8,1,3,,406,VSD,,T,Outer
6/24/2020,T8,1,4,,447,SD,,T,Outer
6/24/2020,T8,1,5,,363,U,,T,Outer
6/24/2020,T8,2,1,,315,VSD,,T,Outer
6/24/2020,T8,2,2,,397,VSD,,T,Outer
6/24/2020,T8,2,3,,333,U,,T,Outer
6/24/2020,T8,2,4,,378,U,,T,Outer
6/24/2020,T8,2,5,,442,U,,T,Outer
6/24/2020,T8,3,1,,280,U,,T,Outer
6/24/2020,T8,3,2,,233,U,,T,Outer
6/24/2020,T8,3,3,,545,VSD,,T,Outer
6/24/2020,T8,3,4,,307,U,,T,Outer
6/24/2020,T8,3,5,,176,U,,T,Outer
6/24/2020,T8,4,1,,150,D,,T,Outer
6/24/2020,T8,4,2,,176,U,,T,Outer
6/24/2020,T8,4,3,,162,U,,T,Outer
6/24/2020,T8,4,4,,74,U,,T,Outer
6/24/2020,T8,4,5,,306,U,,T,Outer
6/24/2020,T8,5,1,,271,U,,T,Outer
6/24/2020,T8,5,2,,176,U,,T,Outer
6/24/2020,T8,5,3,,115,D,,T,Outer
6/24/2020,T8,5,4,,168,D,,T,Outer
6/24/2020,T8,5,5,,242,U,,T,Outer
6/24/2020,T8C,1,1,,164,U,,C,Outer
6/24/2020,T8C,1,2,,243,D,,C,Outer
6/24/2020,T8C,1,3,,411,D,,C,Outer
6/24/2020,T8C,1,4,,121,D,,C,Outer
6/24/2020,T8C,1,5,,109,U,,C,Outer
6/24/2020,T8C,2,1,,166,U,,C,Outer
6/24/2020,T8C,2,2,,129,U,,C,Outer
6/24/2020,T8C,2,3,,77,D,,C,Outer
6/24/2020,T8C,2,4,,145,U,,C,Outer
6/24/2020,T8C,2,5,,169,U,,C,Outer
6/24/2020,T8C,3,1,,123,U,,C,Outer
6/24/2020,T8C,3,2,,181,U,,C,Outer
6/24/2020,T8C,3,3,,234,U,,C,Outer
6/24/2020,T8C,3,4,,141,U,,C,Outer
6/24/2020,T8C,3,5,,91,U,,C,Outer
6/24/2020,T8C,4,1,,183,U,,C,Outer
6/24/2020,T8C,4,2,,149,U,,C,Outer
6/24/2020,T8C,4,3,,126,U,,C,Outer
6/24/2020,T8C,4,4,,146,U,,C,Outer
6/24/2020,T8C,4,5,,89,U,,C,Outer
6/24/2020,T8C,5,1,,164,U,,C,Outer
6/24/2020,T8C,5,2,,227,U,,C,Outer
6/24/2020,T8C,5,3,,238,U,,C,Outer
6/24/2020,T8C,5,4,,61,U,,C,Outer
6/24/2020,T8C,5,5,,107,U,,C,Outer
6/18/2020,T1,1,1,,424,U,,T,Outer
6/18/2020,T1,1,2,,316,VSD ,,T,Outer
6/18/2020,T1,1,3,,256,U,,T,Outer
6/18/2020,T1,1,4,,184,U,,T,Outer
6/18/2020,T1,1,5,,106,U,,T,Outer
6/18/2020,T1,2,1,,280,SD,,T,Outer
6/18/2020,T1,2,2,,131,U,,T,Outer
6/18/2020,T1,2,3,,67,U,,T,Outer
6/18/2020,T1,2,4,,136,U,,T,Outer
6/18/2020,T1,2,5,,297,VSD ,,T,Outer
6/18/2020,T1,3,1,,256,U,,T,Outer
6/18/2020,T1,3,2,,287,VSD ,,T,Outer
6/18/2020,T1,3,3,,56,U,,T,Outer
6/18/2020,T1,3,4,,354,SD,,T,Outer
6/18/2020,T1,3,5,,266,U,,T,Outer
6/18/2020,T1,4,1,,169,U,,T,Outer
6/18/2020,T1,4,2,,81,U,,T,Outer
6/18/2020,T1,4,3,,246,SD,,T,Outer
6/18/2020,T1,4,4,,44,U,,T,Outer
6/18/2020,T1,4,5,,NA,U,,T,Outer
6/18/2020,T1,5,1,,207,U,,T,Outer
6/18/2020,T1,5,2,,256,U,,T,Outer
6/18/2020,T1,5,3,,61,U,,T,Outer
6/18/2020,T1,5,4,,72,U,,T,Outer
6/18/2020,T1,5,5,,74,U,,T,Outer
6/18/2020,T1C,1,1,,265,D,,C,Outer
6/18/2020,T1C,1,2,,41,U,,C,Outer
6/18/2020,T1C,1,3,,111,U,,C,Outer
6/18/2020,T1C,1,4,,53,U,,C,Outer
6/18/2020,T1C,1,5,,56,U,,C,Outer
6/18/2020,T1C,2,1,,134,U,,C,Outer
6/18/2020,T1C,2,2,,83,U,,C,Outer
6/18/2020,T1C,2,3,,35,U,,C,Outer
6/18/2020,T1C,2,4,,78,U,,C,Outer
6/18/2020,T1C,2,5,,89,U,,C,Outer
6/18/2020,T1C,3,1,,239,U,,C,Outer
6/18/2020,T1C,3,2,,199,U,,C,Outer
6/18/2020,T1C,3,3,,113,U,,C,Outer
6/18/2020,T1C,3,4,,31,U,,C,Outer
6/18/2020,T1C,3,5,,61,U,,C,Outer
6/18/2020,T1C,4,1,,191,U,,C,Outer
6/18/2020,T1C,4,2,,175,U,,C,Outer
6/18/2020,T1C,4,3,,213,U,,C,Outer
6/18/2020,T1C,4,4,,31,U,,C,Outer
6/18/2020,T1C,4,5,,145,U,,C,Outer
6/18/2020,T1C,5,1,,122,U,,C,Outer
6/18/2020,T1C,5,2,,280,U,,C,Outer
6/18/2020,T1C,5,3,,153,U,,C,Outer
6/18/2020,T1C,5,4,,74,U,,C,Outer
6/18/2020,T1C,5,5,,112,U,,C,Outer
6/18/2020,T4,1,1,,374,SD,,T,Inner
6/18/2020,T4,1,2,,176,U,,T,Inner
6/18/2020,T4,1,3,,255,U,,T,Inner
6/18/2020,T4,1,4,,193,U,,T,Inner
6/18/2020,T4,1,5,,47,U,,T,Inner
6/18/2020,T4,2,1,,325,U,,T,Inner
6/18/2020,T4,2,2,,111,U,,T,Inner
6/18/2020,T4,2,3,,121,U,,T,Inner
6/18/2020,T4,2,4,,89,U,,T,Inner
6/18/2020,T4,2,5,,127,U,,T,Inner
6/18/2020,T4,3,1,,47,U,,T,Inner
6/18/2020,T4,3,2,,167,U,,T,Inner
6/18/2020,T4,3,3,,25,U,,T,Inner
6/18/2020,T4,3,4,,104,U,,T,Inner
6/18/2020,T4,3,5,,99,U,,T,Inner
6/18/2020,T4,4,1,,158,U,,T,Inner
6/18/2020,T4,4,2,,146,U,,T,Inner
6/18/2020,T4,4,3,,72,U,,T,Inner
6/18/2020,T4,4,4,,85,U,,T,Inner
6/18/2020,T4,4,5,,62,U,,T,Inner
6/18/2020,T4,5,1,,256,SD,,T,Inner
6/18/2020,T4,5,2,,235,U,,T,Inner
6/18/2020,T4,5,3,,49,U,,T,Inner
6/18/2020,T4,5,4,,43,U,,T,Inner
6/18/2020,T4,5,5,,50,U,,T,Inner
6/18/2020,T4C,1,1,,52,U,,C,Inner
6/18/2020,T4C,1,2,,72,U,,C,Inner
6/18/2020,T4C,1,3,,131,U,,C,Inner
6/18/2020,T4C,1,4,,79,U,,C,Inner
6/18/2020,T4C,1,5,,36,U,,C,Inner
6/18/2020,T4C,2,1,,92,U,,C,Inner
6/18/2020,T4C,2,2,,11,U,,C,Inner
6/18/2020,T4C,2,3,,42,U,,C,Inner
6/18/2020,T4C,2,4,,126,U,,C,Inner
6/18/2020,T4C,2,5,,49,U,,C,Inner
6/18/2020,T4C,3,1,,53,U,,C,Inner
6/18/2020,T4C,3,2,,55,U,,C,Inner
6/18/2020,T4C,3,3,,145,U,,C,Inner
6/18/2020,T4C,3,4,,64,U,,C,Inner
6/18/2020,T4C,3,5,,120,U,,C,Inner
6/18/2020,T4C,4,1,,85,U,,C,Inner
6/18/2020,T4C,4,2,,71,U,,C,Inner
6/18/2020,T4C,4,3,,65,U,,C,Inner
6/18/2020,T4C,4,4,,82,U,,C,Inner
6/18/2020,T4C,4,5,,44,U,,C,Inner
6/18/2020,T4C,5,1,,184,U,,C,Inner
6/18/2020,T4C,5,2,,34,U,,C,Inner
6/18/2020,T4C,5,3,,61,U,,C,Inner
6/18/2020,T4C,5,4,,54,U,,C,Inner
6/18/2020,T4C,5,5,,42,U,,C,Inner
6/18/2020,T5,1,1,,19,U,,T,Inner
6/18/2020,T5,1,2,,217,U,,T,Inner
6/18/2020,T5,1,3,,311,VSD ,,T,Inner
6/18/2020,T5,1,4,,192,U,,T,Inner
6/18/2020,T5,1,5,,237,U,,T,Inner
6/18/2020,T5,2,1,,168,U,,T,Inner
6/18/2020,T5,2,2,,286,U,,T,Inner
6/18/2020,T5,2,3,,103,U,,T,Inner
6/18/2020,T5,2,4,,110,U,,T,Inner
6/18/2020,T5,2,5,,106,U,,T,Inner
6/18/2020,T5,3,1,,103,U,,T,Inner
6/18/2020,T5,3,2,,142,U,,T,Inner
6/18/2020,T5,3,3,,104,U,,T,Inner
6/18/2020,T5,3,4,,164,U,,T,Inner
6/18/2020,T5,3,5,,88,U,,T,Inner
6/18/2020,T5,4,1,,90,U,,T,Inner
6/18/2020,T5,4,2,,117,U,,T,Inner
6/18/2020,T5,4,3,,96,U,,T,Inner
6/18/2020,T5,4,4,,394,U,,T,Inner
6/18/2020,T5,4,5,,99,U,,T,Inner
6/18/2020,T5,5,1,,126,U,,T,Inner
6/18/2020,T5,5,2,,230,U,,T,Inner
6/18/2020,T5,5,3,,278,U,,T,Inner
6/18/2020,T5,5,4,,185,U,,T,Inner
6/18/2020,T5,5,5,,222,U,,T,Inner
6/18/2020,T5C,1,1,,183,D,,C,Inner
6/18/2020,T5C,1,2,,120,U,,C,Inner
6/18/2020,T5C,1,3,,76,U,,C,Inner
6/18/2020,T5C,1,4,,105,D,,C,Inner
6/18/2020,T5C,1,5,,356,VSD ,,C,Inner
6/18/2020,T5C,2,1,,102,U,,C,Inner
6/18/2020,T5C,2,2,,190,U,,C,Inner
6/18/2020,T5C,2,3,,239,D,,C,Inner
6/18/2020,T5C,2,4,,228,U,,C,Inner
6/18/2020,T5C,2,5,,243,U,,C,Inner
6/18/2020,T5C,3,1,,73,U,,C,Inner
6/18/2020,T5C,3,2,,128,U,,C,Inner
6/18/2020,T5C,3,3,,155,U,,C,Inner
6/18/2020,T5C,3,4,,118,U,,C,Inner
6/18/2020,T5C,3,5,,75,U,,C,Inner
6/18/2020,T5C,4,1,,111,U,,C,Inner
6/18/2020,T5C,4,2,,144,U,,C,Inner
6/18/2020,T5C,4,3,,147,U,,C,Inner
6/18/2020,T5C,4,4,,124,U,,C,Inner
6/18/2020,T5C,4,5,,113,U,,C,Inner
6/18/2020,T5C,5,1,,102,D,,C,Inner
6/18/2020,T5C,5,2,,92,U,,C,Inner
6/18/2020,T5C,5,3,,104,U,,C,Inner
6/18/2020,T5C,5,4,,46,U,,C,Inner
6/18/2020,T5C,5,5,,236,U,,C,Inner
6/18/2020,T8,1,1,,423,VSD ,,T,Outer
6/18/2020,T8,1,2,,247,U,,T,Outer
6/18/2020,T8,1,3,,320,SD,,T,Outer
6/18/2020,T8,1,4,,276,U,,T,Outer
6/18/2020,T8,1,5,,183,U,,T,Outer
6/18/2020,T8,2,1,,202,U,,T,Outer
6/18/2020,T8,2,2,,231,VSD ,,T,Outer
6/18/2020,T8,2,3,,318,D,,T,Outer
6/18/2020,T8,2,4,,375,U,,T,Outer
6/18/2020,T8,2,5,,255,D,,T,Outer
6/18/2020,T8,3,1,,404,D,,T,Outer
6/18/2020,T8,3,2,,229,SD,,T,Outer
6/18/2020,T8,3,3,,180,U,,T,Outer
6/18/2020,T8,3,4,,314,U,,T,Outer
6/18/2020,T8,3,5,,122,U,,T,Outer
6/18/2020,T8,4,1,,271,VSD ,,T,Outer
6/18/2020,T8,4,2,,144,U,,T,Outer
6/18/2020,T8,4,3,,88,U,,T,Outer
6/18/2020,T8,4,4,,187,U,,T,Outer
6/18/2020,T8,4,5,,150,U,,T,Outer
6/18/2020,T8,5,1,,239,U,,T,Outer
6/18/2020,T8,5,2,,237,U,,T,Outer
6/18/2020,T8,5,3,,36,U,,T,Outer
6/18/2020,T8,5,4,,238,U,,T,Outer
6/18/2020,T8,5,5,,203,U,,T,Outer
6/18/2020,T8C,1,1,,272,U,,C,Outer
6/18/2020,T8C,1,2,,73,U,,C,Outer
6/18/2020,T8C,1,3,,51,U,,C,Outer
6/18/2020,T8C,1,4,,69,U,,C,Outer
6/18/2020,T8C,1,5,,35,D,,C,Outer
6/18/2020,T8C,2,1,,217,U,,C,Outer
6/18/2020,T8C,2,2,,154,U,,C,Outer
6/18/2020,T8C,2,3,,243,U,,C,Outer
6/18/2020,T8C,2,4,,71,U,,C,Outer
6/18/2020,T8C,2,5,,52,U,,C,Outer
6/18/2020,T8C,3,1,,255,U,,C,Outer
6/18/2020,T8C,3,2,,111,U,,C,Outer
6/18/2020,T8C,3,3,,56,U,,C,Outer
6/18/2020,T8C,3,4,,61,U,,C,Outer
6/18/2020,T8C,3,5,,207,U,,C,Outer
6/18/2020,T8C,4,1,,123,U,,C,Outer
6/18/2020,T8C,4,2,,116,U,,C,Outer
6/18/2020,T8C,4,3,,133,U,,C,Outer
6/18/2020,T8C,4,4,,222,U,,C,Outer
6/18/2020,T8C,4,5,,216,U,,C,Outer
6/18/2020,T8C,5,1,,190,VSD ,,C,Outer
6/18/2020,T8C,5,2,,49,U,,C,Outer
6/18/2020,T8C,5,3,,38,U,,C,Outer
6/18/2020,T8C,5,4,,56,U,,C,Outer
6/18/2020,T8C,5,5,,143,VSD ,,C,Outer
6/10/2020,T1,1,1,,237,,,T,Outer
6/10/2020,T1,1,2,,52,,,T,Outer
6/10/2020,T1,1,3,,98,,,T,Outer
6/10/2020,T1,1,4,,294,,,T,Outer
6/10/2020,T1,1,5,,80,,,T,Outer
6/10/2020,T1,2,1,,42,,,T,Outer
6/10/2020,T1,2,2,,74,,,T,Outer
6/10/2020,T1,2,3,,79,,,T,Outer
6/10/2020,T1,2,4,,88,,,T,Outer
6/10/2020,T1,2,5,,196,,,T,Outer
6/10/2020,T1,3,1,,126,,,T,Outer
6/10/2020,T1,3,2,,116,,,T,Outer
6/10/2020,T1,3,3,,44,,,T,Outer
6/10/2020,T1,3,4,,14,,,T,Outer
6/10/2020,T1,3,5,,13,,,T,Outer
6/10/2020,T1,4,1,,76,,,T,Outer
6/10/2020,T1,4,2,,115,,,T,Outer
6/10/2020,T1,4,3,,31,,,T,Outer
6/10/2020,T1,4,4,,94,,,T,Outer
6/10/2020,T1,4,5,,70,,,T,Outer
6/10/2020,T1,5,1,,32,,,T,Outer
6/10/2020,T1,5,2,,11,,,T,Outer
6/10/2020,T1,5,3,,30,,,T,Outer
6/10/2020,T1,5,4,,34,,,T,Outer
6/10/2020,T1,5,5,,33,,,T,Outer
6/10/2020,T1C,1,1,,12,,,C,Outer
6/10/2020,T1C,1,2,,17,,,C,Outer
6/10/2020,T1C,1,3,,28,,,C,Outer
6/10/2020,T1C,1,4,,84,,,C,Outer
6/10/2020,T1C,1,5,,1,,,C,Outer
6/10/2020,T1C,2,1,,0,,,C,Outer
6/10/2020,T1C,2,2,,97,,,C,Outer
6/10/2020,T1C,2,3,,7,,,C,Outer
6/10/2020,T1C,2,4,,3,,,C,Outer
6/10/2020,T1C,2,5,,110,,,C,Outer
6/10/2020,T1C,3,1,,98,,,C,Outer
6/10/2020,T1C,3,2,,203,,,C,Outer
6/10/2020,T1C,3,3,,31,,,C,Outer
6/10/2020,T1C,3,4,,120,,,C,Outer
6/10/2020,T1C,3,5,,28,,,C,Outer
6/10/2020,T1C,4,1,,35,,,C,Outer
6/10/2020,T1C,4,2,,8,,,C,Outer
6/10/2020,T1C,4,3,,34,,,C,Outer
6/10/2020,T1C,4,4,,77,,,C,Outer
6/10/2020,T1C,4,5,,28,,,C,Outer
6/10/2020,T1C,5,1,,39,,,C,Outer
6/10/2020,T1C,5,2,,62,,,C,Outer
6/10/2020,T1C,5,3,,43,,,C,Outer
6/10/2020,T1C,5,4,,5,,,C,Outer
6/10/2020,T1C,5,5,,279,,,C,Outer
6/10/2020,T4,1,1,,36,,,T,Inner
6/10/2020,T4,1,2,,54,,,T,Inner
6/10/2020,T4,1,3,,44,,,T,Inner
6/10/2020,T4,1,4,,127,,,T,Inner
6/10/2020,T4,1,5,,87,,,T,Inner
6/10/2020,T4,2,1,,190,,,T,Inner
6/10/2020,T4,2,2,,195,,,T,Inner
6/10/2020,T4,2,3,,29,,,T,Inner
6/10/2020,T4,2,4,,93,,,T,Inner
6/10/2020,T4,2,5,,60,,,T,Inner
6/10/2020,T4,3,1,,75,,,T,Inner
6/10/2020,T4,3,2,,94,,,T,Inner
6/10/2020,T4,3,3,,73,,,T,Inner
6/10/2020,T4,3,4,,75,,,T,Inner
6/10/2020,T4,3,5,,41,,,T,Inner
6/10/2020,T4,4,1,,46,,,T,Inner
6/10/2020,T4,4,2,,58,,,T,Inner
6/10/2020,T4,4,3,,47,,,T,Inner
6/10/2020,T4,4,4,,32,,,T,Inner
6/10/2020,T4,4,5,,174,,,T,Inner
6/10/2020,T4,5,1,,50,,,T,Inner
6/10/2020,T4,5,2,,103,,,T,Inner
6/10/2020,T4,5,3,,154,,,T,Inner
6/10/2020,T4,5,4,,77,,,T,Inner
6/10/2020,T4,5,5,,145,,,T,Inner
6/10/2020,T4C,1,1,,40,,,C,Inner
6/10/2020,T4C,1,2,,75,,,C,Inner
6/10/2020,T4C,1,3,,21,,,C,Inner
6/10/2020,T4C,1,4,,7,,,C,Inner
6/10/2020,T4C,1,5,,34,,,C,Inner
6/10/2020,T4C,2,1,,28,,,C,Inner
6/10/2020,T4C,2,2,,134,,,C,Inner
6/10/2020,T4C,2,3,,82,,,C,Inner
6/10/2020,T4C,2,4,,24,,,C,Inner
6/10/2020,T4C,2,5,,6,,,C,Inner
6/10/2020,T4C,3,1,,51,,,C,Inner
6/10/2020,T4C,3,2,,27,,,C,Inner
6/10/2020,T4C,3,3,,61,,,C,Inner
6/10/2020,T4C,3,4,,45,,,C,Inner
6/10/2020,T4C,3,5,,20,,,C,Inner
6/10/2020,T4C,4,1,,316,,,C,Inner
6/10/2020,T4C,4,2,,81,,,C,Inner
6/10/2020,T4C,4,3,,95,,,C,Inner
6/10/2020,T4C,4,4,,22,,,C,Inner
6/10/2020,T4C,4,5,,90,,,C,Inner
6/10/2020,T4C,5,1,,132,,,C,Inner
6/10/2020,T4C,5,2,,48,,,C,Inner
6/10/2020,T4C,5,3,,74,,,C,Inner
6/10/2020,T4C,5,4,,73,,,C,Inner
6/10/2020,T4C,5,5,,133,,,C,Inner
6/10/2020,T5,1,1,,35,,,T,Inner
6/10/2020,T5,1,2,,75,,,T,Inner
6/10/2020,T5,1,3,,137,,,T,Inner
6/10/2020,T5,1,4,,168,,,T,Inner
6/10/2020,T5,1,5,,20,,,T,Inner
6/10/2020,T5,2,1,,49,,,T,Inner
6/10/2020,T5,2,2,,19,,,T,Inner
6/10/2020,T5,2,3,,10,,,T,Inner
6/10/2020,T5,2,4,,8,,,T,Inner
6/10/2020,T5,2,5,,19,,,T,Inner
6/10/2020,T5,3,1,,90,,,T,Inner
6/10/2020,T5,3,2,,11,,,T,Inner
6/10/2020,T5,3,3,,2,,,T,Inner
6/10/2020,T5,3,4,,9,,,T,Inner
6/10/2020,T5,3,5,,6,,,T,Inner
6/10/2020,T5,4,1,,12,,,T,Inner
6/10/2020,T5,4,2,,52,,,T,Inner
6/10/2020,T5,4,3,,175,,,T,Inner
6/10/2020,T5,4,4,,15,,,T,Inner
6/10/2020,T5,4,5,,5,,,T,Inner
6/10/2020,T5,5,1,,95,,,T,Inner
6/10/2020,T5,5,2,,73,,,T,Inner
6/10/2020,T5,5,3,,230,,,T,Inner
6/10/2020,T5,5,4,,85,,,T,Inner
6/10/2020,T5,5,5,,8,,,T,Inner
6/10/2020,T5C,1,1,,63,,,C,Inner
6/10/2020,T5C,1,2,,57,,,C,Inner
6/10/2020,T5C,1,3,,109,,,C,Inner
6/10/2020,T5C,1,4,,10,,,C,Inner
6/10/2020,T5C,1,5,,15,,,C,Inner
6/10/2020,T5C,2,1,,40,,,C,Inner
6/10/2020,T5C,2,2,,66,,,C,Inner
6/10/2020,T5C,2,3,,158,,,C,Inner
6/10/2020,T5C,2,4,,81,,,C,Inner
6/10/2020,T5C,2,5,,17,,,C,Inner
6/10/2020,T5C,3,1,,103,,,C,Inner
6/10/2020,T5C,3,2,,104,,,C,Inner
6/10/2020,T5C,3,3,,65,,,C,Inner
6/10/2020,T5C,3,4,,0,,,C,Inner
6/10/2020,T5C,3,5,,44,,,C,Inner
6/10/2020,T5C,4,1,,129,,,C,Inner
6/10/2020,T5C,4,2,,458,,,C,Inner
6/10/2020,T5C,4,3,,17,,,C,Inner
6/10/2020,T5C,4,4,,14,,,C,Inner
6/10/2020,T5C,4,5,,5,,,C,Inner
6/10/2020,T5C,5,1,,23,,,C,Inner
6/10/2020,T5C,5,2,,195,,,C,Inner
6/10/2020,T5C,5,3,,120,,,C,Inner
6/10/2020,T5C,5,4,,25,,,C,Inner
6/10/2020,T5C,5,5,,17,,,C,Inner
6/10/2020,T8,1,1,,159,,,T,Outer
6/10/2020,T8 ,1,2,,164,,,T,Outer
6/10/2020,T8,1,3,,225,,,T,Outer
6/10/2020,T8,1,4,,64,,,T,Outer
6/10/2020,T8,1,5,,57,,,T,Outer
6/10/2020,T8,2,1,,172,,,T,Outer
6/10/2020,T8,2,2,,121,,,T,Outer
6/10/2020,T8,2,3,,36,,,T,Outer
6/10/2020,T8,2,4,,13,,,T,Outer
6/10/2020,T8,2,5,,39,,,T,Outer
6/10/2020,T8,3,1,,303,,,T,Outer
6/10/2020,T8,3,2,,189,,,T,Outer
6/10/2020,T8,3,3,,228,,,T,Outer
6/10/2020,T8,3,4,,126,,,T,Outer
6/10/2020,T8,3,5,,N/A,,,T,Outer
6/10/2020,T8,4,1,,173,,,T,Outer
6/10/2020,T8,4,2,,151,,,T,Outer
6/10/2020,T8,4,3,,243,,,T,Outer
6/10/2020,T8,4,4,,392,,,T,Outer
6/10/2020,T8,4,5,,116,,,T,Outer
6/10/2020,T8,5,1,,80,,,T,Outer
6/10/2020,T8,5,2,,50,,,T,Outer
6/10/2020,T8,5,3,,239,,,T,Outer
6/10/2020,T8,5,4,,136,,,T,Outer
6/10/2020,T8,5,5,,62,,,T,Outer
6/10/2020,T8C,1,1,,131,,,C,Outer
6/10/2020,T8C,1,2,,152,,,C,Outer
6/10/2020,T8C,1,3,,129,,,C,Outer
6/10/2020,T8C,1,4,,100,,,C,Outer
6/10/2020,T8C,1,5,,31,,,C,Outer
6/10/2020,T8C,2,1,,82,,,C,Outer
6/10/2020,T8C,2,2,,357,,,C,Outer
6/10/2020,T8C,2,3,,74,,,C,Outer
6/10/2020,T8C,2,4,,262,,,C,Outer
6/10/2020,T8C,2,5,,52,,,C,Outer
6/10/2020,T8C,3,1,,127,,,C,Outer
6/10/2020,T8C,3,2,,72,,,C,Outer
6/10/2020,T8C,3,3,,59,,,C,Outer
6/10/2020,T8C,3,4,,62,,,C,Outer
6/10/2020,T8C,3,5,,116,,,C,Outer
6/10/2020,T8C,4,1,,96,,,C,Outer
6/10/2020,T8C,4,2,,72,,,C,Outer
6/10/2020,T8C,4,3,,105,,,C,Outer
6/10/2020,T8C,4,4,,44,,,C,Outer
6/10/2020,T8C,4,5,,138,,,C,Outer
6/10/2020,T8C,5,1,,110,,,C,Outer
6/10/2020,T8C,5,2,,85,,,C,Outer
6/10/2020,T8C,5,3,,98,,,C,Outer
6/10/2020,T8C,5,4,,46,,,C,Outer
6/10/2020,T8C,5,5,,152,,,C,Outer
